customer_id,transaction_date,transaction_amount,transaction_type,transaction_category,starting_amount,account_balance
CUST_012,2022-01-05,120.0,debit,rent,750.0,630.0
CUST_040,2023-01-09,500.0,debit,Food,0.0,-500.0
CUST_030,2022-02-01,1700.0,credit,housing,0.0,1700.0
CUST_012,2022-01-12,350.0,credit,investment,750.0,980.0
CUST_015,2022-02-26,590.0,debit,salary,450.0,-140.0
CUST_014,2022-01-14,450.0,debit,entertainment,100.0,-350.0
CUST_019,2022-02-07,110.0,credit,deposit,950.0,1060.0
CUST_009,2022-02-05,380.0,credit,groceries,700.0,1080.0
CUST_042,2022-02-17,2400.0,credit,home decor,0.0,2400.0
CUST_037,2023-01-06,460.0,debit,entertainment,0.0,-460.0
CUST_029,2022-01-29,800.0,credit,jewelry,0.0,800.0
CUST_006,2022-01-06,450.0,debit,Housing,600.0,150.0
CUST_004,2022-01-12,20.99,debit,groceries,1200.0,1179.01
CUST_008,2022-01-08,300.0,credit,Food,250.0,550.0
CUST_029,2022-01-28,1800.0,credit,shoes,0.0,2600.0
CUST_003,2022-01-09,250.0,debit,food,800.0,550.0
CUST_034,2023-01-03,500.0,credit,Food,0.0,500.0
CUST_013,2022-01-13,650.0,credit,petdoor gear,550.0,1200.0
CUST_010,2022-03-10,50.0,credit,Deposit,900.0,950.0
CUST_017,2022-01-14,750.0,credit,Salary,850.0,1600.0
CUST_011,2022-01-11,650.0,debit,entertainment,350.0,-300.0
CUST_014,2022-01-04,250.0,credit,gaming,100.0,-100.0
CUST_017,2022-01-16,850.0,credit,Shopping,850.0,2450.0
CUST_048,2022-02-09,100.0,debit,transportation,0.0,-100.0
CUST_006,2022-01-12,820.0,credit,payment,600.0,970.0
CUST_012,2022-01-10,9600.0,credit,Deposit,750.0,10580.0
CUST_021,2022-01-21,900.0,credit,gift,1250.0,2150.0
CUST_003,2022-01-03,50.0,credit,rent,800.0,600.0
CUST_015,2022-03-21,45.0,credit,travel,450.0,-95.0
CUST_041,2022-02-19,400.0,credit,deposit,0.0,400.0
CUST_010,2022-01-10,1000.0,credit,books,900.0,1950.0
CUST_006,2022-01-06,1400.0,credit,Shopping,600.0,2370.0
CUST_004,2022-01-11,30.0,credit,travel,1200.0,1209.01
CUST_015,2022-03-23,30.0,credit,groceries,450.0,-65.0
CUST_023,2022-01-23,1000.0,debit,Entertainment,1800.0,800.0
CUST_032,2023-01-01,700.0,debit,Food,0.0,-700.0
CUST_011,2022-01-11,250.0,credit,groceries,350.0,-50.0
CUST_007,2022-01-21,250.0,debit,loan,400.0,150.0
CUST_043,2022-02-18,60.0,debit,subscription,0.0,-60.0
CUST_033,2022-02-02,1000.0,credit,entertainment,0.0,1000.0
CUST_004,2022-01-07,800.0,debit,withdrawal,1200.0,409.01
CUST_030,2022-02-01,1700.0,credit,housing,0.0,3400.0
CUST_009,2022-02-04,440.0,credit,investment,700.0,1520.0
CUST_004,2022-01-14,180.0,debit,entertainment,1200.0,229.01
CUST_008,2022-01-30,300.0,credit,Deposit,250.0,850.0
CUST_015,2022-01-07,30.0,credit,transportation,450.0,-35.0
CUST_005,2022-01-17,20.0,debit,entertainment,300.0,280.0
CUST_031,2022-01-30,450.0,debit,withdrawal,0.0,-450.0
CUST_014,2022-01-28,1100.0,credit,payment,100.0,1000.0
CUST_014,2022-03-09,35.0,credit,rent,100.0,1035.0
CUST_018,2022-02-07,130.0,credit,travel,200.0,330.0
CUST_040,2023-01-09,850.0,debit,Entertainment,0.0,-1350.0
CUST_027,2022-01-27,650.0,debit,Food,0.0,-650.0
CUST_011,2022-01-11,1100.0,debit,gas,350.0,-1150.0
CUST_006,2022-01-24,220.0,credit,loan,600.0,2590.0
CUST_030,2022-01-29,4200.0,credit,Transfer,0.0,7600.0
CUST_027,2022-01-26,750.0,credit,Salary,0.0,100.0
CUST_002,2022-01-05,90.0,credit,salary,500.0,590.0
CUST_004,2022-01-04,450.0,credit,Shopping,1200.0,679.01
CUST_004,2022-01-22,1100.0,credit,sports,1200.0,1779.01
CUST_014,2022-01-26,1150.0,credit,payment,100.0,2185.0
CUST_023,2022-02-12,60.0,debit,subscription,1800.0,740.0
CUST_014,2022-01-04,120.0,credit,loan,100.0,2305.0
CUST_011,2022-01-21,750.0,debit,withdrawal,350.0,-1900.0
CUST_017,2022-01-15,950.0,credit,Deposit,850.0,3400.0
CUST_007,2022-07-01,5500.0,debit,Purchase,400.0,-5350.0
CUST_022,2022-01-22,90.0,credit,medical,3200.0,3290.0
CUST_051,2022-02-04,25.0,credit,salary,1000.0,1025.0
CUST_006,2022-01-06,100.0,debit,Transportation,600.0,2490.0
CUST_004,2022-01-15,140.0,credit,travel,1200.0,1919.01
CUST_009,2022-02-01,300.0,credit,housing,700.0,1820.0
CUST_004,2022-01-10,1500.0,credit,salary,1200.0,3419.01
CUST_016,2022-03-28,45.99,credit,travel,650.0,695.99
CUST_015,2022-01-16,500.0,credit,loan,450.0,465.0
CUST_001,2022-01-04,150.0,credit,loan,1000.0,1150.0
CUST_001,2022-01-01,980.25,credit,deposit,1000.0,2130.25
CUST_004,2022-01-21,30.0,credit,travel,1200.0,3449.01
CUST_036,2022-02-05,11300.0,credit,Transfer,0.0,11300.0
CUST_005,2022-01-05,800.0,credit,rewards,300.0,1080.0
CUST_012,2022-01-12,850.0,credit,Shopping,750.0,11430.0
CUST_032,2023-01-01,500.0,debit,Food,0.0,-1200.0
CUST_007,2022-01-28,240.0,credit,loan,400.0,-5110.0
CUST_014,2022-02-24,40.0,credit,rent,100.0,2345.0
CUST_006,2022-01-03,110.0,credit,rent,600.0,2600.0
CUST_014,2022-01-14,800.0,credit,rewards,100.0,3145.0
CUST_011,2022-03-01,25.0,credit,salary,350.0,-1875.0
CUST_016,2022-01-20,200.0,debit,loan,650.0,495.99
CUST_016,2022-01-12,120.0,credit,rent,650.0,615.99
CUST_036,2023-01-05,440.0,debit,shopping,0.0,10860.0
CUST_004,2022-01-13,1200.0,debit,withdrawal,1200.0,2249.01
CUST_001,2022-01-01,80.0,credit,loan,1000.0,2210.25
CUST_017,2022-01-17,300.0,credit,housing,850.0,3700.0
CUST_020,2022-01-29,260.0,credit,rent,2500.0,2760.0
CUST_017,2022-01-13,1500.0,credit,salary,850.0,5200.0
CUST_032,2022-07-10,14400.0,credit,Deposit,0.0,13200.0
CUST_012,2022-01-12,850.0,credit,Shopping,750.0,12280.0
CUST_009,2022-01-26,350.0,credit,entertainment,700.0,2170.0
CUST_004,2022-01-16,45.0,debit,travel,1200.0,2204.01
CUST_030,2022-02-01,3200.0,credit,Transfer,0.0,10800.0
CUST_043,2023-01-12,600.0,credit,investment,0.0,540.0
CUST_002,2022-01-07,90.0,credit,investment,500.0,680.0
CUST_003,2022-01-03,350.0,credit,deposit,800.0,950.0
CUST_046,2022-06-01,11200.0,credit,Transfer,0.0,11200.0
CUST_011,2022-01-18,140.0,debit,pet expenses,350.0,-2015.0
CUST_012,2022-02-14,450.0,credit,rent,750.0,12730.0
CUST_030,2022-01-26,80.0,debit,entertainment,0.0,10720.0
CUST_006,2022-01-06,100.0,debit,Transportation,600.0,2500.0
CUST_004,2022-01-04,150.0,credit,salary,1200.0,2354.01
CUST_040,2022-02-18,80.0,debit,education,0.0,-1430.0
CUST_032,2022-01-31,80.0,credit,education,0.0,13280.0
CUST_018,2022-01-18,750.0,credit,deposit,200.0,1080.0
CUST_002,2022-01-07,800.0,credit,Rent,500.0,1480.0
CUST_007,2022-01-24,300.0,debit,transportation,400.0,-5410.0
CUST_001,2022-01-02,25.0,credit,salary,1000.0,2235.25
CUST_020,2022-01-29,260.0,credit,rent,2500.0,3020.0
CUST_021,2022-01-02,800.0,credit,rent,1250.0,2950.0
CUST_013,2022-01-03,550.0,credit,rent,550.0,1750.0
CUST_002,2022-01-02,100.0,credit,investment,500.0,1580.0
CUST_004,2022-01-22,100.0,debit,gift,1200.0,2254.01
CUST_007,2022-01-29,120.0,credit,loan,400.0,-5290.0
CUST_014,2022-01-28,800.0,debit,transfer,100.0,2345.0
CUST_018,2022-09-01,7300.0,credit,Transfer,200.0,8380.0
CUST_008,2022-01-26,1500.0,credit,salary,250.0,2350.0
CUST_001,2022-01-02,300.0,debit,entertainment,1000.0,1935.25
CUST_026,2022-01-26,350.0,credit,Food,0.0,350.0
CUST_013,2022-01-13,240.0,debit,shopping,550.0,1510.0
CUST_024,2022-01-24,1050.0,credit,food,9200.0,10250.0
CUST_007,2022-01-07,300.0,credit,electronics,400.0,-4990.0
CUST_038,2022-04-01,11300.0,credit,Transfer,0.0,11300.0
CUST_004,2022-01-04,100.0,credit,Transfer,1200.0,2354.01
CUST_011,2022-03-01,25.0,credit,salary,350.0,-1990.0
CUST_004,2022-01-07,700.0,credit,deposit,1200.0,3054.01
CUST_015,2022-01-05,400.0,credit,salary,450.0,865.0
CUST_014,2022-01-14,140.0,debit,pet expenses,100.0,2205.0
CUST_008,2022-02-19,45.99,credit,travel,250.0,2395.99
CUST_004,2022-01-22,450.0,credit,loan,1200.0,3504.01
CUST_017,2022-01-17,850.0,credit,housing,850.0,6050.0
CUST_012,2022-03-07,25.99,debit,groceries,750.0,12704.01
CUST_002,2022-01-03,1200.0,credit,entertainment,500.0,2780.0
CUST_039,2022-02-17,100.0,credit,transportation,0.0,100.0
CUST_023,2022-01-23,400.0,debit,Entertainment,1800.0,340.0
CUST_040,2023-01-09,800.0,debit,groceries,0.0,-2230.0
CUST_012,2022-01-03,90.0,credit,housing,750.0,12794.01
CUST_013,2022-01-13,650.0,credit,petdoor gear,550.0,2160.0
CUST_013,2022-01-06,900.0,credit,gift,550.0,3060.0
CUST_004,2022-01-10,1500.0,credit,salary,1200.0,5004.01
CUST_012,2022-01-13,130.0,debit,subscription,750.0,12664.01
CUST_020,2022-01-20,700.0,debit,Housing,2500.0,2320.0
CUST_010,2022-02-07,440.0,credit,housing,900.0,2390.0
CUST_039,2022-02-10,2000.0,credit,Deposit,0.0,2100.0
CUST_009,2022-01-30,350.0,credit,Deposit,700.0,2520.0
CUST_012,2022-01-12,700.0,credit,Rent,750.0,13364.01
CUST_002,2022-01-06,1500.0,credit,salary,500.0,4280.0
CUST_001,2022-01-04,30.0,credit,housing,1000.0,1965.25
CUST_003,2022-01-09,70.0,credit,salary,800.0,1020.0
CUST_004,2022-01-16,90.0,debit,pet expenses,1200.0,4914.01
CUST_013,2022-01-13,190.0,credit,rent,550.0,3250.0
CUST_011,2022-01-04,240.0,credit,housing,350.0,-1750.0
CUST_047,2023-01-16,10000.0,credit,Salary,0.0,10000.0
CUST_016,2022-01-17,120.0,credit,rent,650.0,735.99
CUST_007,2022-01-29,120.0,debit,groceries,400.0,-5110.0
CUST_013,2022-01-06,800.0,credit,payment,550.0,4050.0
CUST_004,2022-01-15,600.0,debit,Bill Payment,1200.0,4314.01
CUST_016,2022-01-16,400.0,credit,rent,650.0,1135.99
CUST_009,2022-02-01,800.0,credit,Transfer,700.0,3320.0
CUST_050,2022-09-01,15600.0,credit,Transfer,0.0,15600.0
CUST_039,2022-02-17,100.0,credit,transportation,0.0,2200.0
CUST_041,2022-02-17,800.0,debit,withdrawal,0.0,-400.0
CUST_011,2022-01-01,100.0,debit,salary,350.0,-1850.0
CUST_011,2022-01-23,490.0,credit,deposit,350.0,-1360.0
CUST_009,2022-01-30,350.0,credit,Deposit,700.0,3670.0
CUST_054,2022-09-01,15600.0,credit,Transfer,1200.0,16800.0
CUST_014,2022-01-06,100.0,credit,transportation,100.0,2305.0
CUST_029,2022-01-31,1500.0,credit,gadgets,0.0,4100.0
CUST_004,2022-01-13,100.0,debit,transportation,1200.0,4214.01
CUST_006,2022-02-12,60.0,credit,rent,600.0,2560.0
CUST_004,2022-01-22,450.0,credit,loan,1200.0,4664.01
CUST_014,2022-01-28,800.0,debit,transfer,100.0,1505.0
CUST_004,2022-01-22,45.99,credit,travel,1200.0,4710.0
CUST_005,2022-01-09,750.0,credit,deposit,300.0,1830.0
CUST_063,2022-11-01,17200.0,credit,Transfer,950.0,18150.0
CUST_040,2022-04-10,7000.0,credit,Deposit,0.0,4770.0
CUST_044,2023-01-13,900.0,credit,groceries,0.0,900.0
CUST_016,2022-01-16,2600.0,debit,pet store,650.0,-1464.01
CUST_001,2022-01-02,25.0,credit,salary,1000.0,1990.25
CUST_009,2022-01-09,650.0,credit,deposit,700.0,4320.0
CUST_008,2022-01-08,80.0,debit,transportation,250.0,2315.99
CUST_032,2022-01-31,80.0,credit,education,0.0,13360.0
CUST_017,2022-01-14,1200.0,debit,entertainment,850.0,4850.0
CUST_037,2023-01-06,970.0,credit,salary,0.0,510.0
CUST_002,2022-01-02,100.0,debit,Food,500.0,4180.0
CUST_001,2022-01-01,80.0,credit,loan,1000.0,2070.25
CUST_011,2022-02-13,110.0,debit,entertainment,350.0,-1470.0
CUST_017,2022-02-26,560.0,debit,salary,850.0,4290.0
CUST_013,2022-01-03,1200.0,credit,entertainment,550.0,5250.0
CUST_001,2022-01-03,300.0,credit,entertainment,1000.0,2370.25
CUST_008,2022-02-15,45.99,credit,travel,250.0,2361.9799999999996
CUST_019,2022-01-09,60.0,credit,travel,950.0,1120.0
CUST_006,2022-01-06,100.0,debit,Transportation,600.0,2460.0
CUST_035,2022-02-16,2350.0,credit,gaming,0.0,2350.0
CUST_020,2022-01-20,1000.0,debit,jewelry,2500.0,1320.0
CUST_017,2022-01-16,1600.0,debit,gourmet food,850.0,2690.0
CUST_017,2022-01-17,1750.0,debit,floral arrangements,850.0,940.0
CUST_009,2022-01-25,50.0,credit,rent,700.0,4370.0
CUST_004,2022-01-13,100.0,credit,salary,1200.0,4810.0
CUST_013,2022-01-06,1200.0,debit,entertainment,550.0,4050.0
CUST_002,2022-01-03,1500.0,credit,salary,500.0,5680.0
CUST_016,2022-01-16,650.0,credit,outdoor gear,650.0,-814.01
CUST_005,2022-01-17,35.0,credit,rent,300.0,1865.0
CUST_002,2022-01-06,750.0,credit,Rent,500.0,6430.0
CUST_048,2022-02-19,1000.0,credit,gadgets,0.0,900.0
CUST_029,2022-01-29,540.0,debit,shopping,0.0,3560.0
CUST_013,2022-01-09,650.0,credit,loan,550.0,4700.0
CUST_004,2022-01-12,350.0,debit,entertainment,1200.0,4460.0
CUST_039,2022-02-17,100.0,credit,transportation,0.0,2300.0
CUST_002,2022-01-06,60.0,credit,groceries,500.0,6490.0
CUST_040,2023-01-09,980.0,debit,travel,0.0,3790.0
CUST_040,2022-01-01,9200.0,credit,Transfer,0.0,12990.0
CUST_034,2023-01-03,1200.0,credit,Food,0.0,1700.0
CUST_026,2022-01-25,350.0,credit,Food,0.0,700.0
CUST_006,2022-01-21,90.0,credit,rent,600.0,2550.0
CUST_027,2022-01-27,750.0,credit,Salary,0.0,850.0
CUST_002,2022-01-06,10.0,credit,bonus,500.0,6500.0
CUST_043,2022-02-18,60.0,debit,subscription,0.0,480.0
CUST_027,2022-01-26,450.0,debit,Housing,0.0,400.0
CUST_001,2022-01-01,50.0,credit,sports,1000.0,2420.25
CUST_010,2022-01-10,1100.0,credit,housing,900.0,3490.0
CUST_016,2022-01-06,750.0,credit,Rent,650.0,-64.00999999999999
CUST_006,2022-02-01,45.99,credit,travel,600.0,2595.99
CUST_030,2022-01-29,900.0,credit,Shopping,0.0,11620.0
CUST_018,2022-01-16,1000.0,credit,furniture,200.0,9380.0
CUST_013,2022-01-06,50.0,debit,bills,550.0,4650.0
CUST_017,2022-02-26,300.0,debit,Food,850.0,640.0
CUST_007,2022-01-30,300.0,debit,groceries,400.0,-5410.0
CUST_022,2022-01-22,1100.0,debit,transportation,3200.0,2190.0
CUST_038,2022-02-07,1700.0,credit,housing,0.0,13000.0
CUST_014,2022-01-10,9600.0,credit,Deposit,100.0,11105.0
CUST_018,2022-01-18,750.0,credit,deposit,200.0,10130.0
CUST_011,2022-01-23,1130.0,credit,deposit,350.0,-340.0
CUST_002,2022-01-04,300.0,credit,salary,500.0,6800.0
CUST_055,2022-08-05,14400.0,debit,Purchase,750.0,-13650.0
CUST_043,2023-01-12,800.0,credit,Rent,0.0,1280.0
CUST_033,2022-02-02,950.0,debit,transfer,0.0,50.0
CUST_027,2022-01-27,800.0,credit,Food,0.0,1200.0
CUST_014,2022-02-22,750.0,credit,Rent,100.0,11855.0
CUST_034,2023-01-03,800.0,debit,investment,0.0,900.0
CUST_031,2022-01-31,980.0,debit,transportation,0.0,-1430.0
CUST_017,2022-01-17,1350.0,debit,food,850.0,-710.0
CUST_006,2022-01-21,400.0,credit,rent,600.0,2995.99
CUST_006,2022-01-06,100.0,credit,groceries,600.0,3095.99
CUST_012,2022-01-06,100.0,credit,transportation,750.0,13464.01
CUST_013,2022-01-13,450.0,debit,Housing,550.0,4200.0
CUST_021,2022-01-21,3200.0,debit,services,1250.0,-250.0
CUST_003,2022-01-02,200.0,debit,Bill Payment,800.0,820.0
CUST_004,2022-01-02,500.0,credit,Food,1200.0,4960.0
CUST_006,2022-02-12,25.0,credit,salary,600.0,3120.99
CUST_038,2023-01-07,1000.0,credit,salary,0.0,14000.0
CUST_039,2022-02-17,100.0,credit,transportation,0.0,2400.0
CUST_013,2022-01-31,940.0,credit,payment,550.0,5140.0
CUST_001,2022-01-03,35.0,debit,entertainment,1000.0,2385.25
CUST_005,2022-01-24,15.0,debit,entertainment,300.0,1850.0
CUST_009,2022-01-28,400.0,credit,bills,700.0,4770.0
CUST_019,2022-03-25,1200.0,credit,Deposit,950.0,2320.0
CUST_021,2022-01-21,800.0,credit,shoes,1250.0,550.0
CUST_039,2022-02-13,500.0,debit,withdrawal,0.0,1900.0
CUST_024,2022-01-23,900.0,debit,Entertainment,9200.0,9350.0
CUST_071,2023-01-01,18000.0,credit,Transfer,440.0,18440.0
CUST_017,2022-01-17,1250.0,debit,services,850.0,-1960.0
CUST_043,2023-01-12,800.0,credit,entertainment,0.0,2080.0
CUST_005,2022-01-05,500.0,debit,Purchase,300.0,1350.0
CUST_004,2022-01-20,20.99,credit,bonus,1200.0,4980.99
CUST_007,2022-01-07,350.0,credit,groceries,400.0,-5060.0
CUST_027,2022-01-26,450.0,debit,transportation,0.0,750.0
CUST_003,2022-01-03,150.0,debit,services,800.0,670.0
CUST_001,2022-01-01,200.0,debit,entertainment,1000.0,2185.25
CUST_017,2022-01-13,75.0,credit,housing,850.0,-1885.0
CUST_012,2022-02-04,420.0,debit,salary,750.0,13044.01
CUST_007,2022-01-07,750.0,credit,Rent,300.0,-4310.0
CUST_011,2022-01-13,100.0,credit,education,350.0,-240.0
CUST_005,2022-01-05,50.0,credit,rewards,300.0,1400.0
CUST_013,2022-02-20,5600.0,credit,rent,550.0,10740.0
CUST_040,2023-01-09,800.0,credit,entertainment,0.0,13790.0
CUST_001,2022-01-01,100.0,credit,salary,1000.0,2285.25
CUST_012,2022-01-05,120.0,debit,rent,750.0,12924.01
CUST_007,2022-01-29,120.0,debit,groceries,400.0,-4430.0
CUST_003,2022-01-04,750.0,credit,Rent,800.0,1420.0
CUST_019,2022-01-18,610.0,credit,salary,950.0,2930.0
CUST_003,2022-01-03,250.0,credit,deposit,800.0,1670.0
CUST_003,2022-01-01,200.0,credit,Shopping,800.0,1870.0
CUST_067,2022-11-01,17200.0,credit,Transfer,100.0,17300.0
CUST_001,2022-01-02,80.75,credit,payment,1000.0,2366.0
CUST_004,2022-01-22,450.0,credit,loan,1200.0,5430.99
CUST_039,2022-02-13,900.0,credit,deposit,0.0,2800.0
CUST_013,2022-03-10,30.0,credit,travel,550.0,10770.0
CUST_014,2022-02-24,550.0,credit,investment,100.0,12405.0
CUST_008,2022-02-11,30.0,credit,groceries,250.0,2391.9799999999996
CUST_007,2022-01-13,980.0,credit,Deposit,400.0,-3450.0
CUST_021,2022-01-21,850.0,credit,garden supplies,1250.0,1400.0
CUST_013,2022-01-13,550.0,credit,salary,550.0,11320.0
CUST_017,2022-01-19,600.0,credit,deposit,850.0,-1285.0
CUST_037,2022-02-06,700.0,debit,transfer,0.0,-190.0
CUST_004,2022-02-26,45.99,credit,travel,1200.0,5476.98
CUST_017,2022-01-17,240.0,debit,shopping,850.0,-1525.0
CUST_011,2022-02-13,490.0,credit,groceries,350.0,250.0
CUST_020,2022-01-29,950.0,credit,entertainment,2500.0,2270.0
CUST_016,2022-01-16,700.0,credit,Rent,650.0,635.99
CUST_003,2022-01-04,300.0,debit,Food,800.0,1570.0
CUST_040,2022-02-09,1300.0,credit,entertainment,0.0,15090.0
CUST_001,2022-01-02,25.0,credit,salary,1000.0,2391.0
CUST_028,2022-01-10,9300.0,credit,Deposit,0.0,9300.0
CUST_004,2022-01-07,800.0,debit,withdrawal,1200.0,4676.98
CUST_015,2022-01-15,800.0,debit,Bill Payment,450.0,65.0
CUST_001,2022-01-01,100.0,debit,Food,1000.0,2291.0
CUST_015,2022-01-10,900.0,credit,gift,450.0,965.0
CUST_009,2022-01-18,1000.0,debit,transfer,700.0,3770.0
CUST_007,2022-01-07,550.0,credit,Rent,400.0,-2900.0
CUST_011,2022-01-01,50.0,debit,books,350.0,200.0
CUST_014,2022-02-23,610.0,debit,groceries,100.0,11795.0
CUST_006,2022-01-10,1200.0,credit,rent,600.0,4320.99
CUST_004,2022-01-20,20.99,credit,bonus,1200.0,4697.969999999999
CUST_004,2022-01-13,140.0,debit,travel,1200.0,4557.969999999999
CUST_067,2022-11-01,17200.0,credit,Transfer,450.0,34500.0
CUST_031,2022-01-31,1270.0,credit,salary,0.0,-160.0
CUST_017,2022-01-17,700.0,credit,deposit,850.0,-825.0
CUST_027,2022-01-27,590.0,debit,entertainment,0.0,160.0
CUST_004,2022-01-29,15.0,credit,rent,1200.0,4572.969999999999
CUST_021,2022-01-21,300.0,debit,travel,1250.0,1100.0
CUST_004,2022-01-03,90.0,credit,rent,1200.0,4662.969999999999
CUST_004,2022-01-22,100.0,debit,gift,1200.0,4562.969999999999
CUST_040,2022-02-09,1300.0,debit,subscription,0.0,13790.0
CUST_005,2022-01-05,500.0,credit,rewards,300.0,1900.0
CUST_013,2022-01-27,890.0,credit,deposit,550.0,12210.0
CUST_011,2022-01-01,900.0,credit,gift,350.0,1100.0
CUST_012,2022-01-12,850.0,credit,Shopping,750.0,13774.01
CUST_043,2023-01-12,900.0,credit,rent,0.0,2980.0
CUST_011,2022-01-02,850.0,credit,rent,350.0,1950.0
CUST_039,2023-01-08,850.0,credit,Groceries,0.0,3650.0
CUST_069,2022-11-15,17800.0,credit,Transfer,380.0,18180.0
CUST_011,2022-01-03,300.0,debit,entertainment,350.0,1650.0
CUST_019,2022-04-06,60.0,credit,rent,950.0,2990.0
CUST_014,2022-02-23,520.0,debit,groceries,100.0,11275.0
CUST_040,2022-02-11,400.0,credit,Deposit,0.0,14190.0
CUST_001,2022-01-04,100.0,debit,electronic devices,1000.0,2191.0
CUST_009,2022-01-26,350.0,credit,entertainment,700.0,4120.0
CUST_022,2022-01-22,90.0,credit,medical,3200.0,2280.0
CUST_014,2022-01-06,90.0,debit,services,100.0,11185.0
CUST_005,2022-01-05,450.0,credit,rewards,300.0,2350.0
CUST_003,2022-01-03,150.0,credit,rent,800.0,1720.0
CUST_014,2022-01-14,400.0,debit,transportation,100.0,10785.0
CUST_031,2022-01-31,1270.0,credit,salary,0.0,1110.0
CUST_041,2023-01-10,1090.0,credit,salary,0.0,690.0
CUST_004,2022-01-13,100.0,credit,salary,1200.0,4662.969999999999
CUST_016,2022-01-08,700.0,credit,entertainment,650.0,1335.99
CUST_041,2022-02-10,2250.0,credit,housing,0.0,2940.0
CUST_019,2022-04-04,30.0,credit,groceries,950.0,3020.0
CUST_002,2022-01-06,1500.0,credit,salary,500.0,8300.0
CUST_002,2022-01-08,110.0,credit,loan,500.0,8410.0
CUST_020,2022-01-10,90.0,credit,payment,2500.0,2360.0
CUST_002,2022-01-12,450.0,debit,Housing,500.0,7960.0
CUST_007,2022-01-27,230.0,credit,investment,300.0,-2670.0
CUST_017,2022-01-17,650.0,credit,outdoor gear,850.0,-175.0
CUST_014,2022-01-14,700.0,credit,deposit,100.0,11485.0
CUST_009,2022-01-09,90.0,credit,salary,700.0,4210.0
CUST_029,2022-01-31,3100.0,credit,home improvement,0.0,6660.0
CUST_047,2024-01-16,1000.0,credit,pet accessories,0.0,11000.0
CUST_014,2022-01-11,900.0,credit,gift,100.0,12385.0
CUST_036,2022-02-14,200.0,credit,rewards,0.0,11060.0
CUST_002,2022-01-02,25.0,credit,salary,500.0,7985.0
CUST_013,2022-01-23,1130.0,credit,deposit,550.0,13340.0
CUST_013,2022-01-14,1000.0,credit,Food,550.0,14340.0
CUST_013,2022-01-23,1020.0,credit,rent,550.0,15360.0
CUST_020,2022-01-20,2000.0,debit,electronic devices,2500.0,360.0
CUST_039,2022-02-17,100.0,credit,transportation,0.0,3750.0
CUST_013,2022-01-13,190.0,credit,rent,550.0,15550.0
CUST_011,2022-01-23,490.0,credit,deposit,350.0,2140.0
CUST_024,2022-01-24,140.0,credit,bonus,9200.0,9490.0
CUST_055,2022-08-05,8100.0,credit,Deposit,750.0,-5550.0
CUST_010,2022-02-09,20.0,credit,bonus,900.0,3510.0
CUST_006,2022-01-18,2800.0,credit,salary,600.0,7120.99
CUST_015,2022-01-05,400.0,credit,salary,450.0,1365.0
CUST_013,2022-01-11,300.0,credit,investment,550.0,15850.0
CUST_025,2022-01-25,800.0,credit,groceries,3800.0,4600.0
CUST_013,2022-02-19,630.0,credit,groceries,550.0,16480.0
CUST_010,2022-01-10,17400.0,credit,Deposit,900.0,20910.0
CUST_040,2022-02-15,2300.0,debit,electronic devices,0.0,11890.0
CUST_036,2022-01-28,140.0,credit,medical,0.0,11200.0
CUST_017,2022-01-13,75.0,credit,salary,850.0,-100.0
CUST_017,2022-01-15,780.0,credit,deposit,850.0,680.0
CUST_039,2022-01-29,60.0,debit,home improvement,950.0,3690.0
CUST_016,2022-01-17,50.0,credit,rent,650.0,1385.99
CUST_018,2022-01-19,750.0,credit,Salary,200.0,10880.0
CUST_023,2022-01-23,1400.0,debit,Entertainment,1800.0,-1060.0
CUST_011,2022-01-23,1130.0,credit,deposit,350.0,3270.0
CUST_013,2022-01-06,200.0,debit,entertainment,550.0,16280.0
CUST_004,2022-01-07,500.0,credit,rewards,1200.0,5162.969999999999
CUST_020,2022-01-29,260.0,credit,rent,2500.0,620.0
CUST_041,2023-01-10,600.0,credit,housing,0.0,3540.0
CUST_039,2022-02-13,900.0,credit,deposit,0.0,4590.0
CUST_027,2022-01-27,1000.0,credit,hotels,0.0,1160.0
CUST_014,2022-01-27,700.0,credit,deposit,100.0,13085.0
CUST_008,2022-01-18,70.0,debit,food,250.0,2321.9799999999996
CUST_015,2022-01-15,200.0,debit,groceries,450.0,1165.0
CUST_044,2022-02-03,90.0,credit,medical,0.0,990.0
CUST_027,2022-01-26,750.0,credit,Salary,0.0,1910.0
CUST_010,2022-02-23,30.0,credit,groceries,900.0,20940.0
CUST_017,2022-02-26,560.0,debit,salary,850.0,120.0
CUST_015,2022-01-11,50.0,credit,Deposit,450.0,1215.0
CUST_013,2022-01-13,800.0,debit,withdrawal,550.0,15480.0
CUST_014,2022-01-11,900.0,credit,gift,100.0,13985.0
CUST_039,2022-02-13,800.0,credit,deposit,0.0,5390.0
CUST_043,2022-02-18,1000.0,credit,payment,0.0,3980.0
CUST_016,2022-08-15,6300.0,credit,Transfer,650.0,7685.99
CUST_046,2022-02-01,90.0,credit,rent,0.0,11290.0
CUST_005,2022-01-16,900.0,credit,gift,300.0,3250.0
CUST_021,2022-01-21,120.0,credit,housing,1250.0,1220.0
CUST_011,2022-01-23,490.0,credit,deposit,350.0,3760.0
CUST_003,2022-01-03,350.0,credit,deposit,800.0,2070.0
CUST_014,2022-03-01,1700.0,credit,Deposit,100.0,15685.0
CUST_028,2022-01-27,900.0,credit,gift,0.0,10200.0
CUST_002,2022-01-15,900.0,credit,gift,500.0,8885.0
CUST_017,2022-01-17,300.0,debit,Food,850.0,-180.0
CUST_048,2022-02-19,2500.0,credit,shoes,0.0,3400.0
CUST_013,2022-03-15,45.99,debit,travel,550.0,15434.01
CUST_038,2023-01-07,780.0,debit,travel,0.0,13220.0
CUST_018,2022-01-18,380.0,debit,travel,200.0,10500.0
CUST_026,2022-01-23,120.0,credit,housing,0.0,820.0
CUST_018,2022-01-18,380.0,debit,travel,200.0,10120.0
CUST_020,2022-01-20,900.0,credit,gift,2500.0,1520.0
CUST_005,2022-01-15,900.0,credit,gift,300.0,4150.0
CUST_032,2023-01-01,1200.0,credit,Food,0.0,14560.0
CUST_018,2022-01-18,380.0,debit,travel,200.0,9740.0
CUST_012,2022-02-14,520.0,credit,rent,750.0,14294.01
CUST_038,2022-02-07,1900.0,credit,housing,0.0,15120.0
CUST_046,2022-06-01,13200.0,credit,Transfer,0.0,24490.0
CUST_003,2022-01-10,1200.0,credit,rent,800.0,3270.0
CUST_010,2022-02-06,400.0,credit,rent,900.0,21340.0
CUST_030,2022-01-25,80.0,credit,education,0.0,11700.0
CUST_042,2022-05-01,12400.0,credit,Transfer,0.0,14800.0
CUST_014,2022-02-22,520.0,debit,salary,100.0,15165.0
CUST_010,2022-01-10,350.0,credit,housing,900.0,21690.0
CUST_035,2022-02-04,2050.0,debit,services,0.0,300.0
CUST_002,2022-01-07,500.0,credit,loan,500.0,9385.0
CUST_026,2022-01-01,9200.0,credit,Transfer,0.0,10020.0
CUST_009,2022-01-09,900.0,debit,travel,700.0,3310.0
CUST_020,2022-04-08,35.0,debit,entertainment,2500.0,1485.0
CUST_003,2022-01-14,15.0,debit,entertainment,800.0,3255.0
CUST_005,2022-01-15,140.0,credit,travel,300.0,4290.0
CUST_018,2022-01-18,750.0,credit,Salary,200.0,10490.0
CUST_003,2022-01-10,80.0,debit,entertainment,800.0,3175.0
CUST_040,2022-02-16,1200.0,credit,payment,0.0,13090.0
CUST_040,2022-02-11,2100.0,credit,tools,0.0,15190.0
CUST_019,2022-04-04,30.0,debit,groceries,950.0,2990.0
CUST_025,2022-01-25,800.0,debit,transportation,3800.0,3800.0
CUST_030,2022-01-29,950.0,credit,Shopping,0.0,12650.0
CUST_046,2022-02-17,4800.0,debit,furniture,0.0,19690.0
CUST_014,2022-02-24,620.0,credit,investment,100.0,15785.0
CUST_011,2022-01-11,470.0,credit,salary,350.0,4230.0
CUST_036,2022-01-28,140.0,credit,utilities,0.0,11340.0
CUST_012,2022-07-15,6100.0,credit,Transfer,750.0,20394.010000000002
CUST_003,2022-01-03,300.0,debit,groceries,800.0,2875.0
CUST_039,2022-04-05,11800.0,debit,Purchase,0.0,-6410.0
CUST_010,2022-02-08,380.0,debit,transportation,900.0,21310.0
CUST_011,2022-01-11,900.0,credit,rewards,350.0,5130.0
CUST_005,2022-01-05,120.0,debit,Transportation,300.0,4170.0
CUST_026,2022-01-26,770.0,credit,salary,0.0,10790.0
CUST_007,2022-01-26,170.0,credit,groceries,400.0,-2500.0
CUST_014,2022-01-14,750.0,credit,Salary,100.0,16535.0
CUST_004,2022-01-15,170.0,credit,investment,1200.0,5332.969999999999
CUST_013,2022-02-20,580.0,credit,investment,550.0,16014.01
CUST_022,2022-01-22,750.0,credit,Salary,3200.0,3030.0
CUST_023,2022-01-23,710.0,credit,salary,1800.0,-350.0
CUST_021,2022-01-22,1200.0,credit,entertainment,1250.0,2420.0
CUST_002,2022-01-03,300.0,credit,deposit,500.0,9685.0
CUST_018,2022-09-05,7300.0,credit,Deposit,200.0,17790.0
CUST_011,2022-01-01,100.0,credit,salary,350.0,5230.0
CUST_031,2022-02-02,1650.0,credit,magazines,0.0,2760.0
CUST_021,2022-01-22,1200.0,credit,entertainment,1250.0,3620.0
CUST_014,2022-01-07,2800.0,credit,salary,100.0,19335.0
CUST_039,2023-01-08,1030.0,credit,salary,0.0,-5380.0
CUST_011,2022-01-18,100.0,credit,transportation,350.0,5330.0
CUST_009,2022-01-17,1090.0,credit,deposit,700.0,4400.0
CUST_008,2022-01-08,400.0,credit,pet care,250.0,2721.9799999999996
CUST_018,2022-01-18,700.0,credit,personal care,200.0,18490.0
CUST_006,2022-01-15,110.0,debit,food,600.0,7010.99
CUST_005,2022-01-28,45.0,debit,travel,300.0,4125.0
CUST_005,2022-01-17,200.0,credit,rent,300.0,4325.0
CUST_033,2023-01-02,680.0,debit,travel,0.0,-630.0
CUST_016,2022-01-11,50.0,credit,electronics,650.0,7735.99
CUST_009,2022-02-05,380.0,debit,loan,700.0,4020.0
CUST_005,2022-01-17,200.0,credit,rent,300.0,4525.0
CUST_014,2022-03-20,35.0,credit,rent,100.0,19370.0
CUST_021,2022-04-09,20.99,credit,bonus,1250.0,3640.99
CUST_046,2022-06-01,13200.0,credit,Transfer,0.0,32890.0
CUST_038,2022-02-07,1900.0,credit,housing,0.0,17020.0
CUST_015,2022-03-22,20.0,credit,bonus,450.0,1235.0
CUST_009,2022-02-02,320.0,credit,rent,700.0,4340.0
CUST_021,2022-04-09,20.99,credit,bonus,1250.0,3661.9799999999996
CUST_017,2022-01-13,500.0,credit,rent,850.0,320.0
CUST_009,2022-02-02,320.0,credit,rent,700.0,4660.0
CUST_006,2022-02-02,40.0,credit,rent,600.0,7050.99
CUST_022,2022-04-13,45.99,credit,travel,3200.0,3075.99
CUST_039,2023-01-08,850.0,credit,Salary,0.0,-4530.0
CUST_005,2022-01-05,90.0,debit,dining,300.0,4435.0
CUST_006,2022-01-31,25.0,credit,salary,600.0,7075.99
CUST_012,2022-02-14,440.0,debit,salary,750.0,19954.010000000002
CUST_012,2022-02-14,440.0,debit,salary,750.0,19514.010000000002
CUST_045,2023-01-14,1150.0,credit,salary,0.0,1150.0
CUST_018,2022-01-09,90.0,credit,travel,200.0,18580.0
CUST_006,2022-01-30,30.0,debit,groceries,600.0,7045.99
CUST_025,2022-01-24,500.0,debit,Housing,3800.0,3300.0
CUST_006,2022-01-31,25.0,credit,salary,600.0,7070.99
CUST_033,2022-02-04,3500.0,debit,software,0.0,-4130.0
CUST_037,2022-02-09,600.0,credit,deposit,0.0,410.0
CUST_029,2022-01-31,1550.0,credit,tools,0.0,8210.0
CUST_007,2022-02-04,10.0,credit,bonus,400.0,-2490.0
CUST_016,2022-03-27,35.0,debit,entertainment,650.0,7700.99
CUST_040,2022-02-16,1200.0,credit,payment,0.0,16390.0
CUST_002,2022-01-05,25.0,credit,bonus,500.0,9710.0
CUST_020,2022-01-20,650.0,credit,salary,2500.0,2135.0
CUST_028,2022-01-27,600.0,debit,Entertainment,0.0,9600.0
CUST_007,2022-02-06,40.0,credit,salary,400.0,-2450.0
CUST_025,2022-01-25,750.0,credit,salary,3800.0,4050.0
CUST_032,2022-01-30,480.0,debit,withdrawal,0.0,14080.0
CUST_010,2022-01-10,250.0,debit,transportation,900.0,21060.0
CUST_007,2022-01-07,150.0,debit,Housing,400.0,-2600.0
CUST_006,2022-01-06,180.0,debit,shopping,600.0,6890.99
CUST_009,2022-02-04,300.0,debit,transportation,700.0,4360.0
CUST_008,2022-01-30,170.0,debit,entertainment,250.0,2551.9799999999996
CUST_009,2022-02-18,40.0,credit,salary,700.0,4400.0
CUST_015,2022-01-20,90.0,credit,medical,450.0,1325.0
CUST_001,2022-01-03,10.99,credit,rent,1000.0,2201.99
CUST_028,2022-01-30,1500.0,credit,gadgets,0.0,11100.0
CUST_018,2022-01-18,610.0,credit,salary,200.0,19190.0
CUST_040,2022-01-30,100.0,credit,transportation,0.0,16490.0
CUST_001,2022-01-01,200.0,credit,salary,1000.0,2401.99
CUST_011,2022-01-18,100.0,credit,transportation,350.0,5430.0
CUST_013,2022-01-26,1020.0,credit,payment,550.0,17034.010000000002
CUST_014,2022-01-27,1290.0,credit,deposit,100.0,20660.0
CUST_014,2022-01-27,1290.0,credit,deposit,100.0,21950.0
CUST_005,2022-01-05,400.0,credit,rewards,300.0,4835.0
CUST_002,2022-01-05,30.0,credit,salary,500.0,9740.0
CUST_014,2022-01-27,1290.0,credit,deposit,100.0,23240.0
CUST_023,2022-01-25,2500.0,debit,restaurant,1800.0,-2850.0
CUST_003,2022-01-04,250.0,credit,Shopping,800.0,3125.0
CUST_002,2022-05-10,4100.0,credit,Deposit,500.0,13840.0
CUST_009,2022-01-09,380.0,credit,entertainment,700.0,4780.0
CUST_014,2022-01-14,700.0,credit,personal care,100.0,23940.0
CUST_033,2022-02-14,70.0,debit,food,0.0,-4200.0
CUST_033,2022-02-14,70.0,debit,food,0.0,-4270.0
CUST_021,2022-01-21,950.0,debit,food,1250.0,2711.9799999999996
CUST_026,2022-01-28,1400.0,credit,shoes,0.0,12190.0
CUST_018,2022-01-18,380.0,debit,travel,200.0,18810.0
CUST_011,2022-03-01,40.0,debit,rent,350.0,5390.0
CUST_006,2022-01-18,650.0,credit,loan,600.0,7540.99
CUST_002,2022-01-05,50.0,debit,bills,500.0,13790.0
CUST_026,2022-01-26,1500.0,credit,housing,0.0,13690.0
CUST_006,2022-01-29,20.0,credit,bonus,600.0,7560.99
CUST_004,2022-01-17,20.99,credit,bonus,1200.0,5353.959999999999
CUST_001,2022-01-21,2100.0,debit,electronics,1000.0,301.9899999999998
CUST_026,2022-01-26,1500.0,credit,housing,0.0,15190.0
CUST_002,2022-01-09,20.0,credit,rent,500.0,13810.0
CUST_020,2022-01-19,50.0,debit,groceries,2500.0,2085.0
CUST_039,2023-01-08,450.0,debit,Transportation,0.0,-4980.0
CUST_019,2022-01-19,400.0,debit,groceries,950.0,2590.0
CUST_015,2022-02-26,640.0,credit,rent,450.0,1965.0
CUST_038,2022-02-12,850.0,credit,payment,0.0,17870.0
CUST_003,2022-01-11,10.0,credit,bonus,800.0,3135.0
CUST_009,2022-01-17,130.0,credit,housing,700.0,4910.0
CUST_011,2022-01-02,800.0,credit,rent,350.0,6190.0
CUST_010,2022-02-24,25.0,credit,salary,900.0,21085.0
CUST_015,2022-01-15,1000.0,credit,Food,450.0,2965.0
CUST_021,2022-04-11,25.0,credit,salary,1250.0,2736.9799999999996
CUST_025,2022-01-24,500.0,debit,Housing,3800.0,3550.0
CUST_012,2022-01-12,450.0,credit,housing,750.0,19964.010000000002
CUST_006,2022-01-21,130.0,debit,salary,600.0,7430.99
CUST_008,2022-02-12,25.0,credit,salary,250.0,2576.9799999999996
CUST_011,2022-03-04,20.99,credit,bonus,350.0,6210.99
CUST_017,2022-01-17,1200.0,credit,housing,850.0,1520.0
CUST_009,2022-02-03,340.0,credit,groceries,700.0,5250.0
CUST_021,2022-01-23,1150.0,credit,hotels,1250.0,3886.9799999999996
CUST_044,2023-01-13,1130.0,credit,salary,0.0,2120.0
CUST_007,2022-01-14,1100.0,credit,payment,400.0,-1500.0
CUST_008,2022-01-16,70.0,debit,clothing,250.0,2506.9799999999996
CUST_043,2022-05-05,12600.0,debit,Purchase,0.0,-8620.0
CUST_008,2022-01-16,920.0,credit,payment,250.0,3426.9799999999996
CUST_044,2023-01-13,1130.0,credit,salary,0.0,3250.0
CUST_001,2022-01-01,100.0,credit,rent,1000.0,401.9899999999998
CUST_001,2022-01-04,450.0,credit,loan,1000.0,851.9899999999998
CUST_034,2023-01-03,1100.0,credit,Shopping,0.0,2000.0
CUST_008,2022-01-15,780.0,credit,deposit,250.0,4206.98
CUST_032,2022-01-30,860.0,credit,deposit,0.0,14940.0
CUST_017,2022-01-14,1200.0,credit,entertainment,850.0,2720.0
CUST_011,2022-01-03,300.0,debit,entertainment,350.0,5910.99
CUST_001,2022-01-01,20.0,credit,salary,1000.0,871.9899999999998
CUST_038,2022-02-09,4000.0,debit,beauty products,0.0,13870.0
CUST_005,2022-01-05,400.0,credit,rewards,300.0,5235.0
CUST_010,2022-01-19,750.0,debit,withdrawal,900.0,20335.0
CUST_013,2022-01-13,1000.0,credit,rewards,550.0,18034.010000000002
CUST_014,2022-01-07,2800.0,credit,salary,100.0,26740.0
CUST_013,2022-01-13,520.0,credit,entertainment,550.0,18554.010000000002
CUST_019,2022-01-18,800.0,credit,entertainment,950.0,3390.0
CUST_002,2022-01-05,1200.0,debit,Purchase,500.0,12610.0
CUST_045,2024-01-15,400.0,debit,Accommodation,0.0,750.0
CUST_008,2022-01-08,400.0,credit,pet care,250.0,4606.98
CUST_020,2022-01-20,1000.0,credit,jewelry,2500.0,3085.0
CUST_001,2022-01-13,100.0,credit,education,1000.0,971.9899999999998
CUST_008,2022-01-08,400.0,credit,pet care,250.0,5006.98
CUST_014,2022-01-07,100.0,credit,education,100.0,26840.0
CUST_025,2022-01-27,1350.0,credit,fitness classes,3800.0,4900.0
CUST_024,2022-04-20,3500.0,debit,Bill Payment,9200.0,5990.0
CUST_006,2022-01-06,100.0,debit,Subscription,600.0,7330.99
CUST_027,2022-01-27,1200.0,debit,food,0.0,710.0
CUST_042,2023-01-11,500.0,debit,Food,0.0,14300.0
CUST_033,2023-01-02,900.0,credit,Rent,0.0,-3370.0
CUST_002,2022-01-02,200.0,debit,rent,500.0,12410.0
CUST_004,2022-01-16,180.0,debit,loan,1200.0,5173.959999999999
CUST_048,2023-01-17,980.0,debit,travel,0.0,2420.0
CUST_009,2022-01-28,1200.0,credit,rent,700.0,6450.0
CUST_013,2022-01-13,280.0,debit,travel,550.0,18274.010000000002
CUST_009,2022-02-02,320.0,credit,rent,700.0,6770.0
CUST_038,2022-02-07,1900.0,credit,housing,0.0,15770.0
CUST_034,2022-01-27,130.0,credit,travel,0.0,2130.0
CUST_032,2022-02-14,130.0,credit,travel,0.0,15070.0
CUST_050,2023-01-19,1020.0,debit,dining,0.0,14580.0
CUST_038,2022-02-07,1900.0,credit,housing,0.0,17670.0
CUST_007,2022-01-07,700.0,debit,gifts,400.0,-2200.0
CUST_002,2022-01-22,1100.0,credit,sports,500.0,13510.0
CUST_012,2022-02-14,520.0,credit,rent,750.0,20484.010000000002
CUST_032,2022-02-14,130.0,credit,travel,0.0,15200.0
CUST_033,2022-02-02,1200.0,credit,rewards,0.0,-2170.0
CUST_019,2022-04-05,25.0,credit,salary,950.0,3415.0
CUST_039,2022-02-10,4100.0,debit,electronic devices,0.0,-9080.0
CUST_007,2022-01-07,350.0,credit,electronics,400.0,-1850.0
CUST_015,2022-03-23,30.0,debit,groceries,450.0,2935.0
CUST_005,2022-01-05,90.0,debit,dining,300.0,5145.0
CUST_024,2022-01-24,500.0,debit,groceries,9200.0,5490.0
CUST_026,2022-01-28,2800.0,debit,clothing,0.0,12390.0
CUST_047,2022-02-18,2450.0,credit,watches,0.0,13450.0
CUST_032,2023-01-01,1100.0,credit,Shopping,0.0,16300.0
CUST_033,2023-01-02,910.0,credit,salary,0.0,-1260.0
CUST_024,2022-01-26,2600.0,debit,pet store,9200.0,2890.0
CUST_013,2022-03-12,30.0,credit,salary,550.0,18304.010000000002
CUST_032,2022-01-30,860.0,credit,deposit,0.0,17160.0
CUST_006,2022-01-12,620.0,credit,payment,600.0,7950.99
CUST_005,2022-01-18,140.0,debit,entertainment,300.0,5005.0
CUST_038,2023-01-07,1100.0,credit,Shopping,0.0,18770.0
CUST_008,2022-01-16,920.0,credit,payment,250.0,5926.98
CUST_018,2022-01-18,610.0,credit,salary,200.0,19420.0
CUST_016,2022-01-20,110.0,debit,entertainment,650.0,7590.99
CUST_008,2022-01-16,920.0,credit,payment,250.0,6846.98
CUST_021,2022-01-21,800.0,credit,rewards,1250.0,4686.98
CUST_001,2022-01-03,10.99,credit,rent,1000.0,982.9799999999998
CUST_022,2022-04-10,3100.0,debit,Purchase,3200.0,-24.01000000000022
CUST_027,2022-01-27,1000.0,credit,rewards,0.0,1710.0
CUST_002,2022-01-03,300.0,credit,deposit,500.0,13810.0
CUST_006,2022-01-03,90.0,credit,groceries,600.0,8040.99
CUST_009,2022-01-09,430.0,credit,salary,700.0,7200.0
CUST_002,2022-01-05,1500.0,credit,salary,500.0,15310.0
CUST_029,2022-02-12,60.0,debit,subscription,0.0,8150.0
CUST_003,2022-01-05,700.0,credit,deposit,800.0,3835.0
CUST_001,2022-01-01,50.0,credit,salary,1000.0,1032.9799999999998
CUST_006,2022-06-05,4900.0,credit,Deposit,600.0,12940.99
CUST_005,2022-01-05,700.0,credit,Salary,300.0,5705.0
CUST_001,2022-01-01,20.0,credit,salary,1000.0,1052.9799999999998
CUST_006,2022-01-17,350.0,credit,entertainment,600.0,13290.99
CUST_052,2022-07-10,14400.0,credit,Deposit,500.0,14900.0
CUST_060,2022-09-10,16000.0,credit,Deposit,550.0,16550.0
CUST_023,2022-01-25,1250.0,credit,food delivery,1800.0,-1600.0
CUST_008,2022-01-08,410.0,credit,salary,250.0,7256.98
CUST_016,2022-03-10,1900.0,debit,Bill Payment,650.0,5690.99
CUST_015,2022-01-15,1500.0,debit,office supplies,450.0,1435.0
CUST_006,2022-01-06,600.0,debit,home improvement,600.0,12690.99
CUST_017,2022-01-17,850.0,credit,garden supplies,850.0,3570.0
CUST_016,2022-01-12,200.0,debit,loan,650.0,5490.99
CUST_006,2022-02-03,45.99,debit,travel,600.0,12645.0
CUST_020,2022-01-20,900.0,credit,gift,2500.0,3985.0
CUST_015,2022-03-21,45.0,debit,travel,450.0,1390.0
CUST_002,2022-01-02,200.0,debit,rent,500.0,15110.0
CUST_020,2022-01-20,900.0,credit,gift,2500.0,4885.0
CUST_005,2022-01-17,200.0,credit,rent,300.0,5905.0
CUST_011,2022-01-11,1050.0,debit,food,350.0,4860.99
CUST_026,2022-01-28,1400.0,credit,shoes,0.0,13790.0
CUST_033,2023-01-02,900.0,credit,Rent,0.0,-360.0
CUST_038,2022-02-07,1900.0,credit,housing,0.0,20670.0
CUST_008,2022-01-25,500.0,credit,loan,250.0,7756.98
CUST_007,2022-01-25,240.0,credit,rent,400.0,-1610.0
CUST_004,2022-01-21,40.0,credit,rent,1200.0,5213.959999999999
CUST_032,2022-02-01,1700.0,credit,housing,0.0,18860.0
CUST_009,2022-01-28,1200.0,credit,rent,700.0,8400.0
CUST_012,2022-02-14,520.0,credit,rent,750.0,21004.010000000002
CUST_015,2022-03-22,20.0,credit,bonus,450.0,1410.0
CUST_013,2022-01-26,750.0,debit,transfer,550.0,17554.010000000002
CUST_012,2022-01-12,450.0,debit,Housing,750.0,20554.010000000002
CUST_003,2022-01-11,10.0,credit,bonus,800.0,3845.0
CUST_030,2022-02-13,90.0,credit,medical,0.0,12740.0
CUST_034,2022-02-04,1400.0,credit,payment,0.0,3530.0
CUST_023,2022-01-23,1000.0,credit,Food,1800.0,-600.0
CUST_025,2022-05-01,3700.0,credit,Transfer,3800.0,8600.0
CUST_014,2022-02-22,520.0,debit,salary,100.0,26320.0
CUST_033,2022-02-01,480.0,credit,investment,0.0,120.0
CUST_009,2022-01-09,900.0,debit,travel,700.0,7500.0
CUST_042,2022-02-11,1600.0,credit,rewards,0.0,15900.0
CUST_001,2022-01-01,100.0,debit,Food,1000.0,952.9799999999998
CUST_020,2022-09-15,7700.0,credit,Transfer,2500.0,12585.0
CUST_040,2022-02-16,1200.0,credit,payment,0.0,17690.0
CUST_018,2022-01-15,2800.0,credit,salary,200.0,22220.0
CUST_026,2022-01-01,9200.0,credit,Transfer,0.0,22990.0
CUST_034,2022-02-05,1800.0,credit,gaming,0.0,5330.0
CUST_047,2022-02-18,4900.0,debit,jewelry,0.0,8550.0
CUST_039,2022-02-13,1200.0,credit,deposit,0.0,-7880.0
CUST_009,2022-02-04,300.0,debit,transportation,700.0,7200.0
CUST_011,2022-03-05,30.0,debit,groceries,350.0,4830.99
CUST_014,2022-02-24,620.0,credit,investment,100.0,26940.0
CUST_044,2022-05-10,12800.0,credit,Deposit,0.0,16050.0
CUST_026,2022-01-25,900.0,credit,Shopping,0.0,23890.0
CUST_012,2022-07-15,6100.0,credit,Transfer,750.0,26654.010000000002
CUST_047,2023-01-16,960.0,debit,entertainment,0.0,7590.0
CUST_027,2022-01-29,2900.0,debit,beauty products,0.0,-1190.0
CUST_034,2022-02-15,140.0,credit,utilities,0.0,5470.0
CUST_011,2022-01-11,900.0,credit,rewards,350.0,5730.99
CUST_009,2022-02-04,300.0,debit,transportation,700.0,6900.0
CUST_044,2023-01-13,1130.0,credit,salary,0.0,17180.0
CUST_011,2022-01-11,900.0,credit,rewards,350.0,6630.99
CUST_022,2022-01-22,750.0,credit,Salary,3200.0,725.9899999999998
CUST_009,2022-02-18,40.0,credit,salary,700.0,6940.0
CUST_003,2022-01-03,250.0,credit,salary,800.0,4095.0
CUST_003,2022-01-03,250.0,credit,salary,800.0,4345.0
CUST_042,2023-01-11,1090.0,credit,investment,0.0,16990.0
CUST_035,2022-03-05,11000.0,debit,Purchase,0.0,-10700.0
CUST_014,2022-02-23,540.0,debit,entertainment,100.0,26400.0
CUST_012,2022-03-06,10.0,credit,salary,750.0,26664.010000000002
CUST_013,2022-01-06,1200.0,credit,entertainment,550.0,18754.010000000002
CUST_010,2022-07-05,930.0,credit,Deposit,900.0,21265.0
CUST_001,2022-01-13,100.0,credit,education,1000.0,1052.9799999999998
CUST_001,2022-01-21,1050.0,credit,entertainment,1000.0,2102.9799999999996
CUST_018,2022-01-18,900.0,credit,pet accessories,200.0,23120.0
CUST_030,2022-01-30,1300.0,debit,food,0.0,11440.0
CUST_013,2022-01-16,,credit,bonus,550.0,
CUST_042,2023-01-11,500.0,debit,Food,0.0,16490.0
CUST_033,2023-01-02,680.0,debit,travel,0.0,-560.0
CUST_005,2022-01-27,35.0,credit,rent,300.0,5940.0
CUST_028,2022-01-28,580.0,debit,travel,0.0,10520.0
CUST_028,2022-01-27,1100.0,credit,Food,0.0,11620.0
CUST_044,2023-01-13,1200.0,credit,Food,0.0,18380.0
CUST_009,2022-01-28,1200.0,credit,rent,700.0,8140.0
CUST_012,2022-03-10,35.99,credit,bonus,750.0,26700.000000000004
CUST_006,2022-01-21,220.0,credit,rent,600.0,12865.0
CUST_020,2022-01-20,750.0,credit,Rent,2500.0,13335.0
CUST_034,2022-01-27,130.0,credit,travel,0.0,5600.0
CUST_045,2022-02-01,110.0,debit,entertainment,0.0,640.0
CUST_043,2023-01-12,850.0,credit,Salary,0.0,-7770.0
CUST_040,2022-02-18,80.0,credit,education,0.0,17770.0
CUST_015,2022-01-09,1800.0,credit,rent,450.0,3210.0
CUST_011,2022-03-04,20.99,credit,bonus,350.0,6651.98
CUST_025,2022-01-24,500.0,debit,Housing,3800.0,8100.0
CUST_020,2022-01-20,450.0,debit,Housing,2500.0,12885.0
CUST_010,2022-01-10,350.0,credit,housing,900.0,21615.0
CUST_009,2022-02-16,10.0,credit,bonus,700.0,8150.0
CUST_009,2022-02-05,500.0,credit,Transfer,700.0,8650.0
CUST_005,2022-01-26,15.99,debit,entertainment,300.0,5924.01
CUST_035,2023-01-04,850.0,credit,Salary,0.0,-9850.0
CUST_008,2022-01-08,130.0,debit,travel,250.0,7626.98
CUST_034,2022-02-03,1300.0,credit,deposit,0.0,6900.0
CUST_009,2022-02-04,360.0,credit,investment,700.0,9010.0
CUST_014,2022-02-24,620.0,credit,investment,100.0,27020.0
CUST_025,2022-01-25,800.0,debit,transportation,3800.0,7300.0
CUST_013,2022-02-19,500.0,debit,entertainment,550.0,
CUST_036,2022-02-05,2000.0,credit,gaming,0.0,13340.0
CUST_014,2022-01-28,1400.0,credit,payment,100.0,28420.0
CUST_008,2022-01-30,180.0,credit,groceries,250.0,7806.98
CUST_010,2022-01-10,1000.0,debit,tools,900.0,20615.0
CUST_046,2023-01-15,1170.0,credit,salary,0.0,34060.0
CUST_010,2022-02-27,750.0,credit,groceries,900.0,21365.0
CUST_030,2022-02-01,10000.0,credit,Transfer,0.0,21440.0
CUST_009,2022-02-03,280.0,debit,entertainment,700.0,8730.0
CUST_040,2022-01-30,100.0,credit,transportation,0.0,17870.0
CUST_009,2022-02-03,280.0,debit,entertainment,700.0,8450.0
CUST_028,2022-01-28,810.0,credit,salary,0.0,12430.0
CUST_002,2022-01-07,35.0,credit,salary,500.0,15145.0
CUST_027,2022-01-27,1000.0,credit,rewards,0.0,-190.0
CUST_027,2022-01-27,790.0,credit,investment,0.0,600.0
CUST_009,2022-01-26,2800.0,credit,salary,700.0,11250.0
CUST_041,2022-01-30,140.0,debit,pet expenses,0.0,3400.0
CUST_005,2022-01-05,400.0,credit,rewards,300.0,6324.01
CUST_046,2024-01-16,1000.0,credit,Groceries,0.0,35060.0
CUST_007,2022-01-07,500.0,credit,rewards,400.0,-1110.0
CUST_007,2022-01-30,300.0,credit,Deposit,400.0,-810.0
CUST_002,2022-01-05,1500.0,credit,salary,500.0,16645.0
CUST_003,2022-01-02,200.0,credit,Shopping,800.0,4545.0
CUST_011,2022-01-11,480.0,credit,entertainment,350.0,7131.98
CUST_011,2022-01-01,100.0,credit,salary,350.0,7231.98
CUST_037,2022-02-06,1000.0,credit,entertainment,0.0,1410.0
CUST_029,2022-01-24,140.0,debit,pet expenses,0.0,8010.0
CUST_012,2022-01-03,1500.0,credit,salary,750.0,28200.000000000004
CUST_037,2022-02-06,1000.0,credit,entertainment,0.0,2410.0
CUST_029,2022-01-31,3100.0,debit,home improvement,0.0,4910.0
CUST_032,2022-02-10,10400.0,credit,Deposit,0.0,29260.0
CUST_018,2022-01-18,900.0,credit,pet accessories,200.0,24020.0
CUST_034,2023-01-03,500.0,debit,Food,0.0,6400.0
CUST_019,2022-01-17,120.0,debit,bills,950.0,3295.0
CUST_005,2022-01-17,200.0,credit,rent,300.0,6524.01
CUST_009,2022-02-20,35.99,credit,rent,700.0,11285.99
CUST_030,2022-02-01,3200.0,debit,gaming,0.0,18240.0
CUST_008,2022-01-08,900.0,credit,gift,250.0,8706.98
CUST_041,2022-02-10,2250.0,debit,services,0.0,1150.0
CUST_011,2022-01-11,750.0,credit,Rent,350.0,7981.98
CUST_006,2022-02-02,40.0,credit,rent,600.0,12905.0
CUST_012,2022-03-09,45.0,debit,travel,750.0,28155.000000000004
CUST_021,2022-01-21,800.0,credit,shoes,1250.0,5486.98
CUST_021,2022-04-09,20.99,credit,bonus,1250.0,5507.969999999999
CUST_007,2022-01-27,120.0,debit,transportation,400.0,-930.0
CUST_004,2022-01-20,15.99,debit,entertainment,1200.0,5197.969999999999
CUST_002,2022-01-02,500.0,credit,Food,500.0,17145.0
CUST_032,2022-01-26,90.0,credit,medical,0.0,29350.0
CUST_018,2022-01-18,750.0,credit,Salary,200.0,24770.0
CUST_039,2022-02-14,1500.0,credit,payment,0.0,-6380.0
CUST_036,2022-02-07,1100.0,credit,deposit,0.0,14440.0
CUST_015,2022-02-26,640.0,credit,rent,450.0,3850.0
CUST_045,2022-02-16,2350.0,credit,gaming,0.0,2990.0
CUST_004,2022-01-02,30.0,credit,rent,1200.0,5227.969999999999
CUST_033,2022-02-01,480.0,credit,deposit,0.0,-80.0
CUST_032,2022-01-31,980.0,credit,payment,0.0,30330.0
CUST_015,2022-02-26,640.0,credit,rent,450.0,4490.0
CUST_011,2022-01-11,550.0,credit,music,350.0,8531.98
CUST_004,2022-01-02,30.0,credit,rent,1200.0,5257.969999999999
CUST_032,2022-01-26,90.0,credit,medical,0.0,30420.0
CUST_040,2022-02-09,1300.0,debit,transportation,0.0,16570.0
CUST_031,2022-01-31,750.0,credit,deposit,0.0,3510.0
CUST_007,2022-01-13,980.0,credit,deposit,400.0,50.0
CUST_023,2022-02-09,90.0,debit,clothing,1800.0,-690.0
CUST_009,2022-02-18,40.0,credit,salary,700.0,11325.99
CUST_001,2022-01-01,50.99,debit,groceries,1000.0,2051.99
CUST_009,2022-02-03,340.0,credit,groceries,700.0,11665.99
CUST_004,2022-01-04,220.0,credit,housing,1200.0,5477.969999999999
CUST_062,2022-10-01,16400.0,credit,Transfer,850.0,17250.0
CUST_040,2023-01-09,1050.0,credit,salary,0.0,17620.0
CUST_010,2022-02-07,360.0,debit,entertainment,900.0,21005.0
CUST_006,2022-01-06,280.0,credit,housing,600.0,13185.0
CUST_054,2022-02-06,80.0,credit,education,1200.0,16880.0
CUST_031,2022-01-31,850.0,credit,entertainment,0.0,4360.0
CUST_047,2023-01-16,1190.0,credit,investment,0.0,8780.0
CUST_015,2022-01-20,90.0,credit,medical,450.0,4580.0
CUST_035,2022-02-06,1000.0,credit,payment,0.0,-8850.0
CUST_039,2022-02-17,140.0,debit,pet expenses,0.0,-6520.0
CUST_003,2022-01-03,250.0,credit,salary,800.0,4795.0
CUST_059,2022-09-05,15800.0,debit,Purchase,400.0,-15400.0
CUST_012,2022-01-12,850.0,credit,Shopping,750.0,29005.000000000004
CUST_025,2022-01-25,650.0,credit,entertainment,3800.0,7950.0
CUST_003,2022-01-03,300.0,credit,rewards,800.0,5095.0
CUST_009,2022-01-09,700.0,credit,rewards,700.0,12365.99
CUST_028,2022-01-10,9600.0,credit,Deposit,0.0,22030.0
CUST_013,2022-01-26,750.0,debit,withdrawal,550.0,
CUST_041,2022-01-30,140.0,debit,pet expenses,0.0,1010.0
CUST_022,2022-01-24,2400.0,debit,tickets,3200.0,-1674.0100000000002
CUST_013,2022-01-25,450.0,debit,withdrawal,550.0,
CUST_011,2022-01-01,100.0,credit,salary,350.0,8631.98
CUST_064,2022-10-10,16800.0,credit,Deposit,250.0,17050.0
CUST_002,2022-01-06,40.0,credit,entertainment,500.0,17185.0
CUST_002,2022-01-06,40.0,credit,entertainment,500.0,17225.0
CUST_064,2022-10-10,16800.0,credit,Deposit,250.0,33850.0
CUST_022,2022-10-05,8100.0,credit,Deposit,3200.0,6425.99
CUST_030,2022-01-29,400.0,debit,Food,0.0,17840.0
CUST_050,2022-02-04,120.0,credit,housing,0.0,14700.0
CUST_029,2022-01-28,850.0,credit,Rent,0.0,5760.0
CUST_014,2022-03-20,35.0,credit,rent,100.0,28455.0
CUST_005,2022-01-05,550.0,debit,food,300.0,5974.01
CUST_008,2022-01-24,900.0,credit,gift,250.0,9606.98
CUST_026,2022-01-26,1500.0,credit,housing,0.0,25390.0
CUST_029,2022-01-29,650.0,debit,groceries,0.0,5110.0
CUST_010,2022-02-06,400.0,credit,rent,900.0,21405.0
CUST_046,2022-06-01,13200.0,credit,Transfer,0.0,48260.0
CUST_008,2022-01-29,260.0,credit,rent,250.0,9866.98
CUST_009,2022-02-02,320.0,credit,rent,700.0,12685.99
CUST_015,2022-03-22,20.0,credit,bonus,450.0,4600.0
CUST_004,2022-01-13,190.0,credit,rent,1200.0,5667.969999999999
CUST_006,2022-01-19,400.0,debit,bills,600.0,12785.0
CUST_011,2022-02-10,480.0,credit,rent,350.0,9111.98
CUST_009,2022-02-02,320.0,credit,rent,700.0,13005.99
CUST_007,2022-01-21,800.0,credit,rent,400.0,850.0
CUST_010,2022-02-06,400.0,credit,rent,900.0,21805.0
CUST_040,2022-02-11,2100.0,credit,tools,0.0,19720.0
CUST_037,2023-01-06,990.0,credit,investment,0.0,3400.0
CUST_018,2022-01-09,90.0,credit,travel,200.0,24860.0
CUST_002,2022-01-02,500.0,credit,Food,500.0,17725.0
CUST_030,2022-02-13,90.0,credit,medical,0.0,17930.0
CUST_003,2022-01-14,80.0,credit,medical,800.0,5175.0
CUST_018,2022-01-18,400.0,debit,Transportation,200.0,24460.0
CUST_020,2022-04-08,35.0,debit,entertainment,2500.0,12850.0
CUST_008,2022-02-12,25.0,credit,salary,250.0,9891.98
CUST_015,2022-02-26,640.0,credit,rent,450.0,5240.0
CUST_017,2022-03-29,30.0,debit,groceries,850.0,3540.0
CUST_030,2022-02-01,1600.0,credit,console,0.0,19530.0
CUST_037,2022-02-08,3900.0,debit,clothing,0.0,-500.0
CUST_030,2022-02-01,1600.0,credit,console,0.0,21130.0
CUST_018,2022-03-20,2300.0,debit,Purchase,200.0,22160.0
CUST_012,2022-01-24,1280.0,credit,payment,750.0,30285.000000000004
CUST_007,2022-01-27,230.0,credit,investment,400.0,1080.0
CUST_029,2022-01-29,830.0,credit,salary,0.0,5940.0
CUST_007,2022-01-07,150.0,debit,Housing,400.0,930.0
CUST_001,2022-01-03,10.99,credit,rent,1000.0,2062.9799999999996
CUST_022,2022-01-22,400.0,debit,Transportation,3200.0,6025.99
CUST_034,2022-02-15,140.0,credit,utilities,0.0,6540.0
CUST_047,2023-01-16,1190.0,credit,investment,0.0,9970.0
CUST_001,2022-01-03,10.99,credit,rent,1000.0,2073.9699999999993
CUST_039,2022-04-05,11800.0,debit,Purchase,0.0,-18320.0
CUST_034,2023-01-03,930.0,credit,salary,0.0,7470.0
CUST_021,2022-01-21,800.0,credit,rewards,1250.0,6307.969999999999
CUST_001,2022-01-01,120.0,debit,groceries,1000.0,1953.9699999999993
CUST_034,2022-02-03,1100.0,debit,withdrawal,0.0,6370.0
CUST_054,2022-08-01,14800.0,credit,Transfer,1200.0,31680.0
CUST_014,2022-03-01,1500.0,debit,Purchase,100.0,26955.0
CUST_024,2022-01-24,730.0,credit,salary,9200.0,3620.0
CUST_059,2022-09-05,15800.0,debit,Purchase,400.0,-31200.0
CUST_046,2024-01-16,1000.0,credit,Groceries,0.0,49260.0
CUST_013,2022-01-13,850.0,credit,Shopping,550.0,
CUST_029,2022-01-15,9800.0,debit,Bill Payment,0.0,-3860.0
CUST_004,2022-01-08,850.0,credit,payment,1200.0,6517.969999999999
CUST_012,2022-02-16,540.0,credit,investment,750.0,30825.000000000004
CUST_041,2022-01-30,140.0,debit,pet expenses,0.0,870.0
CUST_056,2022-08-10,15200.0,credit,Deposit,300.0,15500.0
CUST_013,2022-01-06,1200.0,credit,entertainment,550.0,
CUST_014,2022-01-27,1000.0,debit,withdrawal,100.0,25955.0
CUST_032,2022-02-10,10400.0,credit,Deposit,0.0,40820.0
CUST_013,2022-01-06,1200.0,credit,entertainment,550.0,
CUST_009,2022-01-09,450.0,credit,furniture,700.0,13455.99
CUST_018,2022-01-15,350.0,debit,gift,200.0,21810.0
CUST_042,2023-01-11,500.0,debit,Food,0.0,15990.0
CUST_018,2022-01-18,1050.0,debit,food,200.0,20760.0
CUST_033,2023-01-02,900.0,credit,Rent,0.0,820.0
CUST_008,2022-02-15,45.99,debit,travel,250.0,9845.99
CUST_008,2022-01-23,50.0,debit,bills,250.0,9795.99
CUST_026,2022-01-23,120.0,credit,housing,0.0,25510.0
CUST_030,2022-01-30,620.0,debit,dining,0.0,20510.0
CUST_032,2022-02-03,3400.0,debit,music,0.0,37420.0
CUST_006,2022-01-18,650.0,credit,loan,600.0,13435.0
CUST_006,2022-01-18,650.0,credit,loan,600.0,14085.0
CUST_003,2022-01-14,15.0,debit,groceries,800.0,5160.0
CUST_013,2022-01-26,1100.0,credit,loan,550.0,
CUST_010,2022-01-20,900.0,debit,transfer,900.0,20905.0
CUST_006,2022-02-02,40.0,credit,rent,600.0,14125.0
CUST_008,2022-01-25,500.0,credit,loan,250.0,10295.99
CUST_009,2022-01-17,130.0,credit,housing,700.0,13585.99
CUST_004,2022-01-02,30.0,credit,rent,1200.0,6547.969999999999
CUST_004,2022-01-02,30.0,credit,rent,1200.0,6577.969999999999
CUST_030,2022-01-30,1100.0,credit,rewards,0.0,21610.0
CUST_041,2023-01-10,840.0,debit,shopping,0.0,30.0
CUST_019,2022-01-18,300.0,debit,salary,950.0,2995.0
CUST_002,2022-01-02,500.0,credit,Food,500.0,18225.0
CUST_015,2022-03-24,25.0,credit,salary,450.0,5265.0
CUST_011,2022-01-11,550.0,credit,music,350.0,9661.98
CUST_018,2022-01-09,90.0,credit,travel,200.0,20850.0
CUST_033,2022-02-02,1100.0,credit,payment,0.0,1920.0
CUST_042,2022-02-11,1600.0,credit,rewards,0.0,17590.0
CUST_047,2022-02-18,2450.0,credit,watches,0.0,12420.0
CUST_018,2022-02-07,90.0,credit,medical,200.0,20940.0
CUST_006,2022-01-31,25.0,credit,salary,600.0,14150.0
CUST_040,2022-02-18,80.0,credit,education,0.0,19800.0
CUST_007,2022-01-07,750.0,credit,Rent,400.0,1680.0
CUST_042,2022-05-01,12400.0,credit,Transfer,0.0,29990.0
CUST_030,2022-01-25,80.0,credit,education,0.0,21690.0
CUST_036,2022-02-08,1300.0,credit,payment,0.0,15740.0
CUST_040,2023-01-09,1050.0,credit,salary,0.0,20850.0
CUST_006,2022-01-06,180.0,debit,shopping,600.0,13970.0
CUST_044,2023-01-13,800.0,credit,entertainment,0.0,19180.0
CUST_007,2022-01-26,170.0,credit,groceries,400.0,1850.0
CUST_020,2022-01-20,650.0,credit,salary,2500.0,13500.0
CUST_008,2022-01-16,920.0,credit,payment,250.0,11215.99
CUST_006,2022-01-06,280.0,credit,housing,600.0,14250.0
CUST_001,2022-01-03,10.99,credit,rent,1000.0,1964.9599999999994
CUST_040,2022-01-30,100.0,credit,transportation,0.0,20950.0
CUST_004,2022-01-04,100.0,debit,services,1200.0,6477.969999999999
CUST_022,2022-01-22,650.0,debit,transportation,3200.0,5375.99
CUST_008,2022-01-30,180.0,credit,groceries,250.0,11395.99
CUST_004,2022-01-08,30.0,debit,transportation,1200.0,6447.969999999999
CUST_041,2022-04-15,12200.0,debit,Bill Payment,0.0,-12170.0
CUST_002,2022-01-05,1500.0,credit,salary,500.0,19725.0
CUST_003,2022-01-05,700.0,credit,deposit,800.0,5860.0
CUST_002,2022-01-05,1500.0,credit,salary,500.0,21225.0
CUST_019,2022-01-19,630.0,credit,salary,950.0,3625.0
CUST_013,2022-01-26,1020.0,credit,payment,550.0,
CUST_039,2023-01-08,1030.0,credit,salary,0.0,-17290.0
CUST_051,2022-07-05,14200.0,debit,Purchase,1000.0,-13175.0
CUST_001,2022-01-01,50.0,credit,salary,1000.0,2014.9599999999994
CUST_001,2022-01-01,50.0,credit,salary,1000.0,2064.959999999999
CUST_010,2022-07-05,5700.0,credit,Deposit,900.0,26605.0
CUST_049,2022-06-15,13800.0,debit,Bill Payment,0.0,-13800.0
CUST_013,2022-01-13,1000.0,debit,Entertainment,550.0,
CUST_001,2022-01-02,30.0,debit,entertainment,1000.0,2034.9599999999991
CUST_008,2022-01-27,1800.0,debit,gifts,250.0,9595.99
CUST_003,2022-01-12,160.0,debit,loan,800.0,5700.0
CUST_029,2022-01-28,850.0,credit,Rent,0.0,-3010.0
CUST_015,2022-01-15,320.0,debit,dining,450.0,4945.0
CUST_003,2022-01-10,1200.0,credit,rent,800.0,6900.0
CUST_026,2022-01-26,1500.0,credit,housing,0.0,27010.0
CUST_032,2022-02-01,1700.0,credit,housing,0.0,39120.0
CUST_014,2022-03-17,25.0,debit,groceries,100.0,25930.0
CUST_012,2022-03-10,35.99,credit,bonus,750.0,30860.990000000005
CUST_009,2022-01-28,1200.0,credit,rent,700.0,14785.99
CUST_004,2022-01-21,40.0,credit,rent,1200.0,6487.969999999999
CUST_034,2022-01-27,130.0,credit,travel,0.0,6500.0
